{"mean dot product - gradient norm": 0.3565162655053585, "mean probes needed - gradient norm": 2.297416509136736, "mean reciprocal rank - gradient norm": 0.501945869715248, "mean dot product - input x gradient": 0.2255016603973691, "mean probes needed - input x gradient": 2.1260239445494644, "mean reciprocal rank - input x gradient": 0.6032211120112861, "mean dot product - input erasure": 0.7014028680648735, "mean probes needed - input erasure": 2.111531190926276, "mean reciprocal rank - input erasure": 0.6054205299006833}