{"mean dot product - gradient norm": 0.23824534236104797, "mean probes needed - gradient norm": 1.907, "mean reciprocal rank - gradient norm": 0.702434523809524, "mean dot product - input x gradient": -0.4194088610992494, "mean probes needed - input x gradient": 4.473, "mean reciprocal rank - input x gradient": 0.32552186147186085, "mean dot product - input erasure": 0.011954938034537203, "mean probes needed - input erasure": 3.54, "mean reciprocal rank - input erasure": 0.4537877344877339}