{"mean dot product - gradient norm": 0.3530914624185375, "mean probes needed - gradient norm": 1.675, "mean reciprocal rank - gradient norm": 0.6872000000000004, "mean dot product - input x gradient": -2.2732440186897285, "mean probes needed - input x gradient": 2.216, "mean reciprocal rank - input x gradient": 0.5671095238095226, "mean dot product - input erasure": 0.05312859047852041, "mean probes needed - input erasure": 2.55, "mean reciprocal rank - input erasure": 0.4592023809523784}