{"mean dot product - gradient norm": 0.5546941155087834, "mean probes needed - gradient norm": 1.6390041493775933, "mean reciprocal rank - gradient norm": 0.7729719642582712, "mean dot product - input x gradient": 0.9010157208506221, "mean probes needed - input x gradient": 1.7879207007837714, "mean reciprocal rank - input x gradient": 0.7406584118202372, "mean dot product - input erasure": 0.5349879575876353, "mean probes needed - input erasure": 1.6210235131396957, "mean reciprocal rank - input erasure": 0.7827186107269087}