{"mean dot product - gradient norm": 0.14942995232922662, "mean probes needed - gradient norm": 4.118802160039273, "mean reciprocal rank - gradient norm": 0.3093708846654371, "mean dot product - input x gradient": 0.28451280484000696, "mean probes needed - input x gradient": 2.809032891507118, "mean reciprocal rank - input x gradient": 0.5244381716031243, "mean dot product - input erasure": 0.17615267159034784, "mean probes needed - input erasure": 2.425625920471281, "mean reciprocal rank - input erasure": 0.6546555746113929}