{"mean dot product - gradient norm": 0.3419284572782973, "mean probes needed - gradient norm": 2.460284871038111, "mean reciprocal rank - gradient norm": 0.5765414219924696, "mean dot product - input x gradient": 0.025545224848677883, "mean probes needed - input x gradient": 2.5231618118824586, "mean reciprocal rank - input x gradient": 0.5806123368198375, "mean dot product - input erasure": 0.3461339345783576, "mean probes needed - input erasure": 2.29667650455537, "mean reciprocal rank - input erasure": 0.6294164722882912}