{"mean dot product - gradient norm": 0.3382580924326621, "mean probes needed - gradient norm": 2.50177304964539, "mean reciprocal rank - gradient norm": 0.5957015699037033, "mean dot product - input x gradient": -0.023137501119296588, "mean probes needed - input x gradient": 2.624597034171502, "mean reciprocal rank - input x gradient": 0.5749086668936754, "mean dot product - input erasure": 0.2526834721068223, "mean probes needed - input erasure": 2.3434880722114766, "mean reciprocal rank - input erasure": 0.6355733930443852}